Sequence,Activity
GCGGAGGCTGTCGCACGTCAGATCTGCAAAACTTGATGATACATCTAAAGCCGGTGCAATGCATGGGGCGATTTCAGAGCTGAGGTATTGTCTGCTCGAACAGCCTACCAATCGTTTCCTCGTTTTAGGCTGGTCGAGTGCCGGTATCTCACACGGTTACCCATCCTAGTCGACAGATATTGAGCAATAATAACAAAGTGCCAGGCGGATGAACGTCTCATCTCGATTCTCAGTCCGCGGGCCTGTGGTC,4.208401774223107
CGTTGAATGTCGGTTCTCGTTTGCTGAATTAACAAACGCCCACTTAGGATATTTTGCCTCCCGGCGACACTTTCTGTCTGAGCCACAGTACCGAAATTCTTACACTTGGTGACAAGAGTCATGGATTGCACATCGGGTGTTGGCAACCGGCCGTATCTGTTTCTGGCTCCCCCTCCCCCGGCCCAGTAGAGTAAGGTGCGCAAGGCTGCGCACCCGTGGAGTCCGGATCTAAGGCGCCATGGCAGGTGGG,3.800419010243351
AGTCAGTTCTTTAGTGTCGTATGATCCAATTCAGCTCTTATAAACGTCCGAACACCATAAAAGATTGTTCTCAGTAACCAGCTCTCGGGTTCTCCTGGGTCCCAAGTTGCTGGTCTTCGACAGGTCTATTGAGGAGTATTTTACTGCAGTGAAGACTGTATTCTCAACGATGATTTAATACGGGTTTTACGTAAATGTTCGGTGTACCCTGTAGGTACACTGACAATTCTCGACCCACACCAGAGGCAGT,1.715469965099633
AGAGCTTCAGGTTGCGAGATGGAAACTGAGATCGCGAATACATAACCGTGAAAAACCATTGCCACGTTTGTGCCAGCGCCCTCCAGAGCCGCTTCGCTCTATCTAGTGGGCTCTCGGGACGAGCTGACTCTATTACTGTCTCAGCTGAGGCTCTAACCAGATAGTCCCGGGCAGGATTTGTGCAGTCCACAACTCCGTTCCTGAAGGGCGCACATTTCTACGCGTAGACAGGAGCACTTCCCTGTGTCGC,1.5618827880196107
GTTTCTGCCCCTTGTATTTGGATTCAGTTGTTCTATAGATGTCACCCCTGTAACATTTCACCGTTAGTGAGTTCTCACATGCGCCTTAAAAGTAGCGCCGTAGTTTGTCTCATAATCATGGAATGATCCGTTCCTCCACGAGCAAACTGTTAGGACTCTGATGGTCCCATTATATTATCGCTGAACTTACGATGCTTCGATACCTCAGGAGCGTTCCTATGGCAATTGAGCCGATTCTGCGTTACCTCAA,1.731777972270836
CTAAGGGCGATTCCAGTGGTCCTGTGCTATACGGGAGAATGGACAATGAACTATAACGTATGATGCACGTAACCAGTGATGAGCCTGCTACTAAGCTTTCTGAGGCAAATGTGGGTACAAAAGTTATTTATCTATTCAAGCAGCAGACCTGTATCATCTGTATTTTGGCGGTATAGCAGACCATATGATGGACTGGTAACAGTAGAAAACGCACATGGCCTGTAAGTCATTTTAGCTACCCACTTAGAAG,5.9683559577496
ATTAGGTAAAGAATCCTTATGGAGAAGTTATGCACTTAGTCCCCGAGCACCTACTTTCTTGCCTGTCGGTGACGGGATTCCCGCGCTTCCAACCCCGACTAGTACCGCCCTCTTCAGTACGGATTGACAATACATTTGAGGCAAGGGTACAGCTCTAAGCCACACTAGTTGCTAAGACTGGGCAACATCGCTGGAAAATTTAAAGGCACAAGTTGCGCAAAGTTTGGGGTTTCAGTCAAGATGAACTCCG,1.2470395184011662
GCTCGGAGGAATTGTCCCCCATCAAGGTGGTACGTACGCGTACGTAACCGGTCCCCAGTGGGGATACGTGATGCGGGCCTAGATCTCGATCCTAACGGGGACCGCATTCCCGGCTACAAAAGCAATCAGTTTTAGTGACGATCGTAAATGAACGAGATACAACATACACGCCTATGATAAATAGTCGCCGAGTAACGATTATGTATCTCGGGGCCCTAAATCTGTTTGAAGAACATTCTCTATTCCCGAG,2.3854925666339613
TTCCTGCCTACGATCATGCTCCGAGCGCGCGTGATTGGCAGACATCTATTCTTCTATACCTCCGATTCGCTCGCGGCTGTGTTCCTCGTATGGGGTCGTTTGAGTGCAAGAATTAGATTAACCGTTTCGTCGAAACAAGAACCCAGTCGACGTGACGGGCGAATTTCAATTGTCTACGCGGACGCGTTCCGGGAACCTTCGACCTCTACATGGAGAGCTGATCCAGGTAATTGTACCCCACAGCAGGGCT,9.46272181003964
ACAATCTGCGTGATGGGGCGGCGGGCAACAACTCAAGTAGTATGACCAAGGGATTATCACCCGCGAGTCCTGCGTCTGGGATGGAATTGTACGAAGTGATAGGTTACATGTCCATGCATGGGAGTTTCAAAATGTACCTCCTCAGCGCCCGACACTAACAGATGAGCGTGTAACTGAATGGCAGTCGTTGCGTACCGCGCCGGCGAGGAGAGCTTATTGTACTACGCATGGGTCGCCCGAGGGGTCAGGC,2.19461784452026
